Date,Month,Day,Year,MAB_max_temp,MAB_min_temp,MAB_precip,DAG_max_temp,DAG_min_temp,DAG_precip,Met_date,EndDate,EW3_flood_date,EW3_heat_date,EW3_cold_date,EW3_lndsld_date,EW3_drght_date,EW3_dwnpr_date,EW3_othr_date,EW3FUS_wind_date,EW3FUS_badair_date,EW3FUS_mosqu_date,EW3FUS_othr_date,EW3_flood_date_count,EW3_heat_date_count,EW3_cold_date_count,EW3_lndsld_date_count,EW3_drght_date_count,EW3_dwnpr_date_count,EW3FUS_wind_date_count,EW3FUS_badair_date_count,EW3FUS_mosqu_date_count,EW3_flood_date_count_k,EW3_heat_date_count_k,EW3_cold_date_count_k,EW3_lndsld_date_count_k,EW3_drght_date_count_k,EW3_dwnpr_date_count_k,EW3FUS_wind_date_count_k,EW3FUS_badair_date_count_k,EW3FUS_mosqu_date_count_k,EW3_flood_date_count_m,EW3_heat_date_count_m,EW3_cold_date_count_m,EW3_lndsld_date_count_m,EW3_drght_date_count_m,EW3_dwnpr_date_count_m,EW3FUS_wind_date_count_m,EW3FUS_badair_date_count_m,EW3FUS_mosqu_date_count_m
7/1/2022,7,1,2022,20,14,0,19,13,0,7/1/2022,7/1/2022,7/1/2022,7/1/2022,7/1/2022,7/1/2022,7/1/2022,7/1/2022,7/1/2022,7/1/2022,7/1/2022,7/1/2022,7/1/2022,,,,,1,,,,,,,,,,,,,,,,,,1,,,,
7/2/2022,7,2,2022,26,14,0,24,13,0,7/2/2022,7/2/2022,7/2/2022,7/2/2022,7/2/2022,7/2/2022,7/2/2022,7/2/2022,7/2/2022,7/2/2022,7/2/2022,7/2/2022,7/2/2022,,,1,,,,,,,,,,,,,,,,,,1,,,,,,
7/3/2022,7,3,2022,27,15,0,24,12,0,7/3/2022,7/3/2022,7/3/2022,7/3/2022,7/3/2022,7/3/2022,7/3/2022,7/3/2022,7/3/2022,7/3/2022,7/3/2022,7/3/2022,7/3/2022,,,,,,,,,,,,,,,,,,,,,,,,,,,
7/4/2022,7,4,2022,25,13,0,24,10,0,7/4/2022,7/4/2022,7/4/2022,7/4/2022,7/4/2022,7/4/2022,7/4/2022,7/4/2022,7/4/2022,7/4/2022,7/4/2022,7/4/2022,7/4/2022,,,4,,,,,,,,,1,,,,,,,,,3,,,,,,
7/5/2022,7,5,2022,24,15,0,22,13,0,7/5/2022,7/5/2022,7/5/2022,7/5/2022,7/5/2022,7/5/2022,7/5/2022,7/5/2022,7/5/2022,7/5/2022,7/5/2022,7/5/2022,7/5/2022,,,8,,,,,,,,,,,,,,,,,,8,,,,,,
7/6/2022,7,6,2022,26,15,0,24,13,0,7/6/2022,7/6/2022,7/6/2022,7/6/2022,7/6/2022,7/6/2022,7/6/2022,7/6/2022,7/6/2022,7/6/2022,7/6/2022,7/6/2022,7/6/2022,,,1,,,,,,,,,,,,,,,,,,1,,,,,,
7/7/2022,7,7,2022,23,13,0,21,12,0,7/7/2022,7/7/2022,7/7/2022,7/7/2022,7/7/2022,7/7/2022,7/7/2022,7/7/2022,7/7/2022,7/7/2022,7/7/2022,7/7/2022,7/7/2022,,,5,,,,,,,,,0,,,,,,,,,5,,,,,,
7/8/2022,7,8,2022,19,14,3,18,13,1,7/8/2022,7/8/2022,7/8/2022,7/8/2022,7/8/2022,7/8/2022,7/8/2022,7/8/2022,7/8/2022,7/8/2022,7/8/2022,7/8/2022,7/8/2022,,,2,,,,,,,,,,,,,,,,,,2,,,,,,
7/9/2022,7,9,2022,18,14,1,17,13,0,7/9/2022,7/9/2022,7/9/2022,7/9/2022,7/9/2022,7/9/2022,7/9/2022,7/9/2022,7/9/2022,7/9/2022,7/9/2022,7/9/2022,7/9/2022,,1,1,,,,,,,,,,,,,,,,,1,1,,,,,,
7/10/2022,7,10,2022,22,14,4,19,12,1,7/10/2022,7/10/2022,7/10/2022,7/10/2022,7/10/2022,7/10/2022,7/10/2022,7/10/2022,7/10/2022,7/10/2022,7/10/2022,7/10/2022,7/10/2022,,,5,,,,,,,,,1,,,,,,,,,4,,,,,,
7/11/2022,7,11,2022,25,14,4,23,12,2,7/11/2022,7/11/2022,7/11/2022,7/11/2022,7/11/2022,7/11/2022,7/11/2022,7/11/2022,7/11/2022,7/11/2022,7/11/2022,7/11/2022,7/11/2022,,,0,,,,,,,,,,,,,,,,,,0,,,,,,
7/12/2022,7,12,2022,17,14,0,16,12,0,7/12/2022,7/12/2022,7/12/2022,7/12/2022,7/12/2022,7/12/2022,7/12/2022,7/12/2022,7/12/2022,7/12/2022,7/12/2022,7/12/2022,7/12/2022,,,1,,,,,,,,,,,,,,,,,,1,,,,,,
7/13/2022,7,13,2022,26,12,0,23,12,0,7/13/2022,7/13/2022,7/13/2022,7/13/2022,7/13/2022,7/13/2022,7/13/2022,7/13/2022,7/13/2022,7/13/2022,7/13/2022,7/13/2022,7/13/2022,,0,1,,,,,,,,0,,,,,,,,,,1,,,,,,
7/14/2022,7,14,2022,25,12,0,22,10,2,7/14/2022,7/14/2022,7/14/2022,7/14/2022,7/14/2022,7/14/2022,7/14/2022,7/14/2022,7/14/2022,7/14/2022,7/14/2022,7/14/2022,7/14/2022,,,1,,,,,,,,,,,,,,,,,,1,,,,,,
7/15/2022,7,15,2022,24,16,0,22,14,0,7/15/2022,7/15/2022,7/15/2022,7/15/2022,7/15/2022,7/15/2022,7/15/2022,7/15/2022,7/15/2022,7/15/2022,7/15/2022,7/15/2022,7/15/2022,,,2,,,,,,,,,,,,,,,,,,2,,,,,,
7/16/2022,7,16,2022,23,14,0,21,14,0,7/16/2022,7/16/2022,7/16/2022,7/16/2022,7/16/2022,7/16/2022,7/16/2022,7/16/2022,7/16/2022,7/16/2022,7/16/2022,7/16/2022,7/16/2022,,,1,,,,,,,,,,,,,,,,,,1,,,,,,
7/17/2022,7,17,2022,19,15,1,18,13,3,7/17/2022,7/17/2022,7/17/2022,7/17/2022,7/17/2022,7/17/2022,7/17/2022,7/17/2022,7/17/2022,7/17/2022,7/17/2022,7/17/2022,7/17/2022,,,4,,,,,,,,,1,,,,,,,,,3,,,,,,
7/18/2022,7,18,2022,21,14,0,20,13,0,7/18/2022,7/18/2022,7/18/2022,7/18/2022,7/18/2022,7/18/2022,7/18/2022,7/18/2022,7/18/2022,7/18/2022,7/18/2022,7/18/2022,7/18/2022,,,2,,,,,,,,,1,,,,,,,,,1,,,,,,
7/19/2022,7,19,2022,22,14,0,20,13,0,7/19/2022,7/19/2022,7/19/2022,7/19/2022,7/19/2022,7/19/2022,7/19/2022,7/19/2022,7/19/2022,7/19/2022,7/19/2022,7/19/2022,7/19/2022,,,1,,,,,,,,,1,,,,,,,,,,,,,,,
7/20/2022,7,20,2022,23,13,0,22,11,0,7/20/2022,7/20/2022,7/20/2022,7/20/2022,7/20/2022,7/20/2022,7/20/2022,7/20/2022,7/20/2022,7/20/2022,7/20/2022,7/20/2022,7/20/2022,,,3,,,,,,,,,2,,,,,,,,,1,,,,,,
7/21/2022,7,21,2022,21,13,0,21,11,0,7/21/2022,7/21/2022,7/21/2022,7/21/2022,7/21/2022,7/21/2022,7/21/2022,7/21/2022,7/21/2022,7/21/2022,7/21/2022,7/21/2022,7/21/2022,,,1,,,,,,,,,1,,,,,,,,,,,,,,,
7/22/2022,7,22,2022,21,14,0,20,13,0,7/22/2022,7/22/2022,7/22/2022,7/22/2022,7/22/2022,7/22/2022,7/22/2022,7/22/2022,7/22/2022,7/22/2022,7/22/2022,7/22/2022,7/22/2022,,,1,,,,,,,,,1,,,,,,,,,,,,,,,
7/23/2022,7,23,2022,23,14,0,21,13,0,7/23/2022,7/23/2022,7/23/2022,7/23/2022,7/23/2022,7/23/2022,7/23/2022,7/23/2022,7/23/2022,7/23/2022,7/23/2022,7/23/2022,7/23/2022,,,2,,0,,,,,,,1,,,,,,,,,1,,0,,,,
7/24/2022,7,24,2022,26,13,0,24,11,0,7/24/2022,7/24/2022,7/24/2022,7/24/2022,7/24/2022,7/24/2022,7/24/2022,7/24/2022,7/24/2022,7/24/2022,7/24/2022,7/24/2022,7/24/2022,,,1,,,,,,,,,1,,,,,,,,,,,,,,,
7/25/2022,7,25,2022,24,14,0,23,13,0,7/25/2022,7/25/2022,7/25/2022,7/25/2022,7/25/2022,7/25/2022,7/25/2022,7/25/2022,7/25/2022,7/25/2022,7/25/2022,7/25/2022,7/25/2022,,,0,,,,,,,,,0,,,,,,,,,,,,,,,
7/26/2022,7,26,2022,24,15,0,23,13,0,7/26/2022,7/26/2022,7/26/2022,7/26/2022,7/26/2022,7/26/2022,7/26/2022,7/26/2022,7/26/2022,7/26/2022,7/26/2022,7/26/2022,7/26/2022,,,,,,,,,,,,,,,,,,,,,,,,,,,
7/27/2022,7,27,2022,25,15,0,23,13,0,7/27/2022,7/27/2022,7/27/2022,7/27/2022,7/27/2022,7/27/2022,7/27/2022,7/27/2022,7/27/2022,7/27/2022,7/27/2022,7/27/2022,7/27/2022,,,1,,,,,,,,,1,,,,,,,,,,,,,,,
7/28/2022,7,28,2022,24,15,0,23,14,0,7/28/2022,7/28/2022,7/28/2022,7/28/2022,7/28/2022,7/28/2022,7/28/2022,7/28/2022,7/28/2022,7/28/2022,7/28/2022,7/28/2022,7/28/2022,,,,,,,,,,,,,,,,,,,,,,,,,,,
7/29/2022,7,29,2022,21,15,4,22,14,5,7/29/2022,7/29/2022,7/29/2022,7/29/2022,7/29/2022,7/29/2022,7/29/2022,7/29/2022,7/29/2022,7/29/2022,7/29/2022,7/29/2022,7/29/2022,,,,,,,,,,,,,,,,,,,,,,,,,,,
7/30/2022,7,30,2022,23,15,0,22,13,0,7/30/2022,7/30/2022,7/30/2022,7/30/2022,7/30/2022,7/30/2022,7/30/2022,7/30/2022,7/30/2022,7/30/2022,7/30/2022,7/30/2022,7/30/2022,,0,,,0,,,,,,0,,,,,,,,,,,,0,,,,
7/31/2022,7,31,2022,25,14,0,23,13,0,7/31/2022,7/31/2022,7/31/2022,7/31/2022,7/31/2022,7/31/2022,7/31/2022,7/31/2022,7/31/2022,7/31/2022,7/31/2022,7/31/2022,7/31/2022,,,,,,,,,,,,,,,,,,,,,,,,,,,
8/1/2022,8,1,2022,15,16,1,17,14,1,8/1/2022,8/1/2022,8/1/2022,8/1/2022,8/1/2022,8/1/2022,8/1/2022,8/1/2022,8/1/2022,8/1/2022,8/1/2022,8/1/2022,8/1/2022,,,4,,,,,,,,,1,,,,,,,,,3,,,,,,
8/2/2022,8,2,2022,18,15,0,16,13,0,8/2/2022,8/2/2022,8/2/2022,8/2/2022,8/2/2022,8/2/2022,8/2/2022,8/2/2022,8/2/2022,8/2/2022,8/2/2022,8/2/2022,8/2/2022,,,1,,2,,,,,,,,,,,,,,,,1,,2,,,,
8/3/2022,8,3,2022,20,14,0,18,13,0,8/3/2022,8/3/2022,8/3/2022,8/3/2022,8/3/2022,8/3/2022,8/3/2022,8/3/2022,8/3/2022,8/3/2022,8/3/2022,8/3/2022,8/3/2022,,,2,,,,,,,,,1,,,,,,,,,1,,,,,,
8/4/2022,8,4,2022,18,15,2,18,13,2,8/4/2022,8/4/2022,8/4/2022,8/4/2022,8/4/2022,8/4/2022,8/4/2022,8/4/2022,8/4/2022,8/4/2022,8/4/2022,8/4/2022,8/4/2022,,,1,,,,,,,,,0,,,,,,,,,1,,,,,,
8/5/2022,8,5,2022,19,14,0,18,12,0,8/5/2022,8/5/2022,8/5/2022,8/5/2022,8/5/2022,8/5/2022,8/5/2022,8/5/2022,8/5/2022,8/5/2022,8/5/2022,8/5/2022,8/5/2022,,0,3,,,,,,,,,,,,,,,,,0,3,,,,,,
8/6/2022,8,6,2022,24,11,0,23,11,0,8/6/2022,8/6/2022,8/6/2022,8/6/2022,8/6/2022,8/6/2022,8/6/2022,8/6/2022,8/6/2022,8/6/2022,8/6/2022,8/6/2022,8/6/2022,,0,5,,,,,,,,,2,,,,,,,,0,3,,,,,,
8/7/2022,8,7,2022,24,10,0,22,9,0,8/7/2022,8/7/2022,8/7/2022,8/7/2022,8/7/2022,8/7/2022,8/7/2022,8/7/2022,8/7/2022,8/7/2022,8/7/2022,8/7/2022,8/7/2022,,0,3,,1,,,,,,0,,,,,,,,,,3,,1,,,,
8/8/2022,8,8,2022,23,13,0,22,11,0,8/8/2022,8/8/2022,8/8/2022,8/8/2022,8/8/2022,8/8/2022,8/8/2022,8/8/2022,8/8/2022,8/8/2022,8/8/2022,8/8/2022,8/8/2022,,0,5,,1,,,,,,0,1,,,,,,,,,4,,1,,,,
8/9/2022,8,9,2022,24,13,0,23,10,0,8/9/2022,8/9/2022,8/9/2022,8/9/2022,8/9/2022,8/9/2022,8/9/2022,8/9/2022,8/9/2022,8/9/2022,8/9/2022,8/9/2022,8/9/2022,,,11,,0,,,,,,,,,,,,,,,,11,,0,,,,
8/10/2022,8,10,2022,26,14,1,25,13,0,8/10/2022,8/10/2022,8/10/2022,8/10/2022,8/10/2022,8/10/2022,8/10/2022,8/10/2022,8/10/2022,8/10/2022,8/10/2022,8/10/2022,8/10/2022,,,11,,2,,,,,,,1,,,,,,,,,10,,2,,,,
8/11/2022,8,11,2022,21,14,1,20,10,2,8/11/2022,8/11/2022,8/11/2022,8/11/2022,8/11/2022,8/11/2022,8/11/2022,8/11/2022,8/11/2022,8/11/2022,8/11/2022,8/11/2022,8/11/2022,,,4,,,,,,,,,,,,,,,,,,4,,,,,,
8/12/2022,8,12,2022,23,14,0,21,13,2,8/12/2022,8/12/2022,8/12/2022,8/12/2022,8/12/2022,8/12/2022,8/12/2022,8/12/2022,8/12/2022,8/12/2022,8/12/2022,8/12/2022,8/12/2022,,1,8,,0,,,,,,1,1,,0,,,,,,0,7,,,,,,
8/13/2022,8,13,2022,21,14,0,20,12,0,8/13/2022,8/13/2022,8/13/2022,8/13/2022,8/13/2022,8/13/2022,8/13/2022,8/13/2022,8/13/2022,8/13/2022,8/13/2022,8/13/2022,8/13/2022,,,8,0,,,,,,,,3,,,,,,,,,5,0,,,,,
8/14/2022,8,14,2022,23,14,0,21,13,0,8/14/2022,8/14/2022,8/14/2022,8/14/2022,8/14/2022,8/14/2022,8/14/2022,8/14/2022,8/14/2022,8/14/2022,8/14/2022,8/14/2022,8/14/2022,,,7,,,,,,,,,1,,,,,,,,,6,,,,,,
8/15/2022,8,15,2022,24,15,0,22,14,0,8/15/2022,8/15/2022,8/15/2022,8/15/2022,8/15/2022,8/15/2022,8/15/2022,8/15/2022,8/15/2022,8/15/2022,8/15/2022,8/15/2022,8/15/2022,,0,14,,0,,,,,,,4,,,,,,,,0,10,,0,,,,
8/16/2022,8,16,2022,26,16,4,24,15,6,8/16/2022,8/16/2022,8/16/2022,8/16/2022,8/16/2022,8/16/2022,8/16/2022,8/16/2022,8/16/2022,8/16/2022,8/16/2022,8/16/2022,8/16/2022,,1,6,,,,,,,,1,1,,,,,,,,,5,,,,,,
8/17/2022,8,17,2022,22,14,0,19,13,0,8/17/2022,8/17/2022,8/17/2022,8/17/2022,8/17/2022,8/17/2022,8/17/2022,8/17/2022,8/17/2022,8/17/2022,8/17/2022,8/17/2022,8/17/2022,,,5,,,,,,,,,1,,,,,,,,,4,,,,,,
8/18/2022,8,18,2022,26,10,0,24,8,0,8/18/2022,8/18/2022,8/18/2022,8/18/2022,8/18/2022,8/18/2022,8/18/2022,8/18/2022,8/18/2022,8/18/2022,8/18/2022,8/18/2022,8/18/2022,,,12,,,,,,,,,4,,,,,,,,,8,,,,,,
8/19/2022,8,19,2022,28,11,0,26,8,0,8/19/2022,8/19/2022,8/19/2022,8/19/2022,8/19/2022,8/19/2022,8/19/2022,8/19/2022,8/19/2022,8/19/2022,8/19/2022,8/19/2022,8/19/2022,,,3,,,,,,,,,2,,,,,,,,,1,,,,,,
8/20/2022,8,20,2022,29,12,0,27,10,0,8/20/2022,8/20/2022,8/20/2022,8/20/2022,8/20/2022,8/20/2022,8/20/2022,8/20/2022,8/20/2022,8/20/2022,8/20/2022,8/20/2022,8/20/2022,,2,14,,1,,,,,,0,3,,,,,,,,2,11,,1,,,,
8/21/2022,8,21,2022,29,13,0,28,12,0,8/21/2022,8/21/2022,8/21/2022,8/21/2022,8/21/2022,8/21/2022,8/21/2022,8/21/2022,8/21/2022,8/21/2022,8/21/2022,8/21/2022,8/21/2022,,,5,,,,,,,,,,,,,,,,,,5,,,,,,
8/22/2022,8,22,2022,25,14,0,23,12,0,8/22/2022,8/22/2022,8/22/2022,8/22/2022,8/22/2022,8/22/2022,8/22/2022,8/22/2022,8/22/2022,8/22/2022,8/22/2022,8/22/2022,8/22/2022,,,5,,,,,,,,,1,,,,,,,,,4,,,,,,
8/23/2022,8,23,2022,21,13,0,19,10,0,8/23/2022,8/23/2022,8/23/2022,8/23/2022,8/23/2022,8/23/2022,8/23/2022,8/23/2022,8/23/2022,8/23/2022,8/23/2022,8/23/2022,8/23/2022,,,5,,,,,,,,,3,,,,,,,,,2,,,,,,
8/24/2022,8,24,2022,24,13,0,22,11,0,8/24/2022,8/24/2022,8/24/2022,8/24/2022,8/24/2022,8/24/2022,8/24/2022,8/24/2022,8/24/2022,8/24/2022,8/24/2022,8/24/2022,8/24/2022,,,6,,,,,,,,,3,,,,,,,,,3,,,,,,
8/25/2022,8,25,2022,21,14,0,20,12,0,8/25/2022,8/25/2022,8/25/2022,8/25/2022,8/25/2022,8/25/2022,8/25/2022,8/25/2022,8/25/2022,8/25/2022,8/25/2022,8/25/2022,8/25/2022,,,10,,,,,,,,,1,,,,,,,,,9,,,,,,
8/26/2022,8,26,2022,24,15,0,23,13,0,8/26/2022,8/26/2022,8/26/2022,8/26/2022,8/26/2022,8/26/2022,8/26/2022,8/26/2022,8/26/2022,8/26/2022,8/26/2022,8/26/2022,8/26/2022,,,3,,1,,,,,,,0,,,,,,,,,3,,1,,,,
8/27/2022,8,27,2022,18,15,0,17,14,0,8/27/2022,8/27/2022,8/27/2022,8/27/2022,8/27/2022,8/27/2022,8/27/2022,8/27/2022,8/27/2022,8/27/2022,8/27/2022,8/27/2022,8/27/2022,,1,6,,,,,,,,,2,,,,,,,,1,4,,,,,,
8/28/2022,8,28,2022,22,15,0,21,13,0,8/28/2022,8/28/2022,8/28/2022,8/28/2022,8/28/2022,8/28/2022,8/28/2022,8/28/2022,8/28/2022,8/28/2022,8/28/2022,8/28/2022,8/28/2022,,,5,,0,,,,,,,5,,0,,,,,,,0,,,,,,
8/29/2022,8,29,2022,27,14,0,26,13,0,8/29/2022,8/29/2022,8/29/2022,8/29/2022,8/29/2022,8/29/2022,8/29/2022,8/29/2022,8/29/2022,8/29/2022,8/29/2022,8/29/2022,8/29/2022,,1,2,,0,1,,,,,1,0,,,1,,,,,,2,,0,,,,
8/30/2022,8,30,2022,27,13,0,26,12,0,8/30/2022,8/30/2022,8/30/2022,8/30/2022,8/30/2022,8/30/2022,8/30/2022,8/30/2022,8/30/2022,8/30/2022,8/30/2022,8/30/2022,8/30/2022,,,10,,,,,,,,,5,,,,,,,,,5,,,,,,
8/31/2022,8,31,2022,22,14,0,20,14,0,8/31/2022,8/31/2022,8/31/2022,8/31/2022,8/31/2022,8/31/2022,8/31/2022,8/31/2022,8/31/2022,8/31/2022,8/31/2022,8/31/2022,8/31/2022,,2,4,,,,,,,,,2,,,,,,,,2,2,,,,,,
9/1/2022,9,1,2022,25,15,0,23,13,0,9/1/2022,9/1/2022,9/1/2022,9/1/2022,9/1/2022,9/1/2022,9/1/2022,9/1/2022,9/1/2022,9/1/2022,9/1/2022,9/1/2022,9/1/2022,,,1,,,,,,,,,1,,,,,,,,,0,,,,,,
9/2/2022,9,2,2022,20,13,0,19,11,0,9/2/2022,9/2/2022,9/2/2022,9/2/2022,9/2/2022,9/2/2022,9/2/2022,9/2/2022,9/2/2022,9/2/2022,9/2/2022,9/2/2022,9/2/2022,,1,7,,,,,,,,1,7,,,,,,,,,,,,,,,
9/3/2022,9,3,2022,24,14,0,23,12,0,9/3/2022,9/3/2022,9/3/2022,9/3/2022,9/3/2022,9/3/2022,9/3/2022,9/3/2022,9/3/2022,9/3/2022,9/3/2022,9/3/2022,9/3/2022,,1,0,,,0,,,0,,1,,,,0,,,0,,0,0,,,0,,,
9/4/2022,9,4,2022,27,12,0,25,10,0,9/4/2022,9/4/2022,9/4/2022,9/4/2022,9/4/2022,9/4/2022,9/4/2022,9/4/2022,9/4/2022,9/4/2022,9/4/2022,9/4/2022,9/4/2022,,0,1,,,,,1,0,,0,0,,,,,,,,0,1,,,,,1,0
9/5/2022,9,5,2022,26,14,2,24,13,1,9/5/2022,9/5/2022,9/5/2022,9/5/2022,9/5/2022,9/5/2022,9/5/2022,9/5/2022,9/5/2022,9/5/2022,9/5/2022,9/5/2022,9/5/2022,,2,2,,,,,,,,0,2,,,,,,,,2,0,,,,,,
9/6/2022,9,6,2022,26,14,7,24,13,8,9/6/2022,9/6/2022,9/6/2022,9/6/2022,9/6/2022,9/6/2022,9/6/2022,9/6/2022,9/6/2022,9/6/2022,9/6/2022,9/6/2022,9/6/2022,0,0,3,,,5,,,1,0,,3,,,2,,,,,0,,,,3,,,1
9/7/2022,9,7,2022,19,15,0,18,14,0,9/7/2022,9/7/2022,9/7/2022,9/7/2022,9/7/2022,9/7/2022,9/7/2022,9/7/2022,9/7/2022,9/7/2022,9/7/2022,9/7/2022,9/7/2022,,1,3,,,,,,,,,3,,,,,,,,1,,,,,,,
9/8/2022,9,8,2022,20,14,0,18,13,0,9/8/2022,9/8/2022,9/8/2022,9/8/2022,9/8/2022,9/8/2022,9/8/2022,9/8/2022,9/8/2022,9/8/2022,9/8/2022,9/8/2022,9/8/2022,,2,3,,,,,,1,,1,3,,,,,,,,1,0,,,,,,1
9/9/2022,9,9,2022,20,14,0,20,13,0,9/9/2022,9/9/2022,9/9/2022,9/9/2022,9/9/2022,9/9/2022,9/9/2022,9/9/2022,9/9/2022,9/9/2022,9/9/2022,9/9/2022,9/9/2022,,1,1,,,,,,,,1,1,,,,,,,,0,,,,,,,
9/10/2022,9,10,2022,25,14,0,23,13,0,9/10/2022,9/10/2022,9/10/2022,9/10/2022,9/10/2022,9/10/2022,9/10/2022,9/10/2022,9/10/2022,9/10/2022,9/10/2022,9/10/2022,9/10/2022,,1,5,,2,,1,,1,,,3,,,,,,,,1,2,,2,,1,,1
9/11/2022,9,11,2022,27,16,0,26,14,0,9/11/2022,9/11/2022,9/11/2022,9/11/2022,9/11/2022,9/11/2022,9/11/2022,9/11/2022,9/11/2022,9/11/2022,9/11/2022,9/11/2022,9/11/2022,,1,1,,,,,1,,,1,1,,,,,,,,0,,,,,,1,
9/12/2022,9,12,2022,27,16,0,26,14,0,9/12/2022,9/12/2022,9/12/2022,9/12/2022,9/12/2022,9/12/2022,9/12/2022,9/12/2022,9/12/2022,9/12/2022,9/12/2022,9/12/2022,9/12/2022,,1,5,,0,,,1,1,,0,4,,,,,,,,1,1,,0,,,1,1
9/13/2022,9,13,2022,26,14,0,24,12,0,9/13/2022,9/13/2022,9/13/2022,9/13/2022,9/13/2022,9/13/2022,9/13/2022,9/13/2022,9/13/2022,9/13/2022,9/13/2022,9/13/2022,9/13/2022,,2,4,,,,,1,,,2,3,,,,,,,,,1,,,,,1,
9/14/2022,9,14,2022,22,16,0,22,14,0,9/14/2022,9/14/2022,9/14/2022,9/14/2022,9/14/2022,9/14/2022,9/14/2022,9/14/2022,9/14/2022,9/14/2022,9/14/2022,9/14/2022,9/14/2022,,0,1,,,1,0,,,,,0,,,,,,,,0,1,,,1,0,,
9/15/2022,9,15,2022,23,15,0,22,13,0,9/15/2022,9/15/2022,9/15/2022,9/15/2022,9/15/2022,9/15/2022,9/15/2022,9/15/2022,9/15/2022,9/15/2022,9/15/2022,9/15/2022,9/15/2022,,2,7,0,0,2,0,1,0,,0,5,,,,,,,,2,2,0,0,2,0,1,0
9/16/2022,9,16,2022,26,15,0,24,14,0,9/16/2022,9/16/2022,9/16/2022,9/16/2022,9/16/2022,9/16/2022,9/16/2022,9/16/2022,9/16/2022,9/16/2022,9/16/2022,9/16/2022,9/16/2022,,0,1,,,0,0,1,1,,,,,,,,,,,0,1,,,0,0,1,1
9/17/2022,9,17,2022,25,16,0,24,14,0,9/17/2022,9/17/2022,9/17/2022,9/17/2022,9/17/2022,9/17/2022,9/17/2022,9/17/2022,9/17/2022,9/17/2022,9/17/2022,9/17/2022,9/17/2022,,1,4,,,,1,1,0,,0,4,,,,,,,,1,,,,,1,1,0
9/18/2022,9,18,2022,25,15,0,25,14,0,9/18/2022,9/18/2022,9/18/2022,9/18/2022,9/18/2022,9/18/2022,9/18/2022,9/18/2022,9/18/2022,9/18/2022,9/18/2022,9/18/2022,9/18/2022,,1,2,,,,1,,1,,0,2,,,,,,,,1,0,,,,1,,1
9/19/2022,9,19,2022,29,16,0,27,14,0,9/19/2022,9/19/2022,9/19/2022,9/19/2022,9/19/2022,9/19/2022,9/19/2022,9/19/2022,9/19/2022,9/19/2022,9/19/2022,9/19/2022,9/19/2022,0,0,1,,,,1,,1,,0,,,,,,,,0,0,1,,,,1,,1
9/20/2022,9,20,2022,28,16,0,27,15,0,9/20/2022,9/20/2022,9/20/2022,9/20/2022,9/20/2022,9/20/2022,9/20/2022,9/20/2022,9/20/2022,9/20/2022,9/20/2022,9/20/2022,9/20/2022,,6,4,,,0,3,,0,,1,1,,,,1,,,,5,3,,,0,2,,0
9/21/2022,9,21,2022,27,16,0,26,15,0,9/21/2022,9/21/2022,9/21/2022,9/21/2022,9/21/2022,9/21/2022,9/21/2022,9/21/2022,9/21/2022,9/21/2022,9/21/2022,9/21/2022,9/21/2022,,3,2,,,,,0,0,,0,1,,,,,0,,,3,1,,,,,,0
9/22/2022,9,22,2022,29,15,1,27,14,3,9/22/2022,9/22/2022,9/22/2022,9/22/2022,9/22/2022,9/22/2022,9/22/2022,9/22/2022,9/22/2022,9/22/2022,9/22/2022,9/22/2022,9/22/2022,,1,0,,,0,1,,,,0,,,,0,,,,,1,0,,,0,1,,
9/23/2022,9,23,2022,28,15,0,26,14,0,9/23/2022,9/23/2022,9/23/2022,9/23/2022,9/23/2022,9/23/2022,9/23/2022,9/23/2022,9/23/2022,9/23/2022,9/23/2022,9/23/2022,9/23/2022,,5,1,,,,1,1,,,3,,,,,,1,,,2,1,,,,1,0,
9/24/2022,9,24,2022,29,13,0,26,12,0,9/24/2022,9/24/2022,9/24/2022,9/24/2022,9/24/2022,9/24/2022,9/24/2022,9/24/2022,9/24/2022,9/24/2022,9/24/2022,9/24/2022,9/24/2022,1,4,,,,,1,,,1,1,,,,,,,,,3,,,,,1,,
9/25/2022,9,25,2022,27,15,0,25,13,0,9/25/2022,9/25/2022,9/25/2022,9/25/2022,9/25/2022,9/25/2022,9/25/2022,9/25/2022,9/25/2022,9/25/2022,9/25/2022,9/25/2022,9/25/2022,0,7,2,,1,,0,1,1,,0,,,,,,,,0,7,2,,1,,0,1,1
9/26/2022,9,26,2022,27,16,0,25,14,0,9/26/2022,9/26/2022,9/26/2022,9/26/2022,9/26/2022,9/26/2022,9/26/2022,9/26/2022,9/26/2022,9/26/2022,9/26/2022,9/26/2022,9/26/2022,,4,1,,,,,,,,1,1,,,,,,,,3,0,,,,,,
9/27/2022,9,27,2022,27,16,0,25,14,0,9/27/2022,9/27/2022,9/27/2022,9/27/2022,9/27/2022,9/27/2022,9/27/2022,9/27/2022,9/27/2022,9/27/2022,9/27/2022,9/27/2022,9/27/2022,,4,2,,,0,,0,1,,,,,,0,,,,,4,2,,,,,0,1
9/28/2022,9,28,2022,28,12,0,27,10,0,9/28/2022,9/28/2022,9/28/2022,9/28/2022,9/28/2022,9/28/2022,9/28/2022,9/28/2022,9/28/2022,9/28/2022,9/28/2022,9/28/2022,9/28/2022,,4,0,,,,2,,,,0,0,,,,,,,,4,,,,,2,,
9/29/2022,9,29,2022,28,13,0,27,10,0,9/29/2022,9/29/2022,9/29/2022,9/29/2022,9/29/2022,9/29/2022,9/29/2022,9/29/2022,9/29/2022,9/29/2022,9/29/2022,9/29/2022,9/29/2022,,1,,,1,0,,,0,,0,,,,,,,,,1,,,1,0,,,0
9/30/2022,9,30,2022,26,16,0,25,14,0,9/30/2022,9/30/2022,9/30/2022,9/30/2022,9/30/2022,9/30/2022,9/30/2022,9/30/2022,9/30/2022,9/30/2022,9/30/2022,9/30/2022,9/30/2022,,5,2,,1,,,,1,,2,1,,,,,,,,3,1,,1,,,,1
10/1/2022,10,1,2022,30,16,0,28,15,3,10/1/2022,10/1/2022,10/1/2022,10/1/2022,10/1/2022,10/1/2022,10/1/2022,10/1/2022,10/1/2022,10/1/2022,10/1/2022,10/1/2022,10/1/2022,,2,1,0,,1,1,1,2,,2,0,,,1,,,,,,1,0,,0,1,1,2
10/2/2022,10,2,2022,30,16,0,27,14,0,10/2/2022,10/2/2022,10/2/2022,10/2/2022,10/2/2022,10/2/2022,10/2/2022,10/2/2022,10/2/2022,10/2/2022,10/2/2022,10/2/2022,10/2/2022,,1,0,,,1,,1,,,,,,,,,,,,1,0,,,1,,1,
10/3/2022,10,3,2022,28,13,15,25,12,11,10/3/2022,10/3/2022,10/3/2022,10/3/2022,10/3/2022,10/3/2022,10/3/2022,10/3/2022,10/3/2022,10/3/2022,10/3/2022,10/3/2022,10/3/2022,,3,1,,1,21,2,1,,,2,0,,,9,2,1,,,1,1,,1,12,,,
10/4/2022,10,4,2022,28,14,0,26,13,0,10/4/2022,10/4/2022,10/4/2022,10/4/2022,10/4/2022,10/4/2022,10/4/2022,10/4/2022,10/4/2022,10/4/2022,10/4/2022,10/4/2022,10/4/2022,1,,1,,,1,,,,1,,1,,,,,,,,,,,,1,,,
10/5/2022,10,5,2022,28,16,0,26,15,0,10/5/2022,10/5/2022,10/5/2022,10/5/2022,10/5/2022,10/5/2022,10/5/2022,10/5/2022,10/5/2022,10/5/2022,10/5/2022,10/5/2022,10/5/2022,,2,,,,,,,0,,0,,,,,,,0,,2,,,,,,,
10/6/2022,10,6,2022,26,16,0,25,14,0,10/6/2022,10/6/2022,10/6/2022,10/6/2022,10/6/2022,10/6/2022,10/6/2022,10/6/2022,10/6/2022,10/6/2022,10/6/2022,10/6/2022,10/6/2022,,,2,,,,,,,,,2,,,,,,,,,,,,,,,
10/7/2022,10,7,2022,27,16,0,26,15,0,10/7/2022,10/7/2022,10/7/2022,10/7/2022,10/7/2022,10/7/2022,10/7/2022,10/7/2022,10/7/2022,10/7/2022,10/7/2022,10/7/2022,10/7/2022,,0,,,,,,,,,0,,,,,,,,,,,,,,,,
10/8/2022,10,8,2022,27,15,0,25,13,0,10/8/2022,10/8/2022,10/8/2022,10/8/2022,10/8/2022,10/8/2022,10/8/2022,10/8/2022,10/8/2022,10/8/2022,10/8/2022,10/8/2022,10/8/2022,,0,,,,,1,1,1,,0,,,,,,,0,,,,,,,1,1,1
10/9/2022,10,9,2022,27,14,0,25,13,0,10/9/2022,10/9/2022,10/9/2022,10/9/2022,10/9/2022,10/9/2022,10/9/2022,10/9/2022,10/9/2022,10/9/2022,10/9/2022,10/9/2022,10/9/2022,,3,,,1,,1,,1,,1,,,,,,,,,2,,,1,,1,,1
10/10/2022,10,10,2022,27,15,0,26,14,0,10/10/2022,10/10/2022,10/10/2022,10/10/2022,10/10/2022,10/10/2022,10/10/2022,10/10/2022,10/10/2022,10/10/2022,10/10/2022,10/10/2022,10/10/2022,,3,1,,,,,,1,,3,0,,,,,,0,,0,1,,,,,,1
10/11/2022,10,11,2022,27,13,0,26,12,0,10/11/2022,10/11/2022,10/11/2022,10/11/2022,10/11/2022,10/11/2022,10/11/2022,10/11/2022,10/11/2022,10/11/2022,10/11/2022,10/11/2022,10/11/2022,,0,0,,,,,,0,,0,0,,,,,,0,,0,,,,,,,
10/12/2022,10,12,2022,29,12,0,27,10,0,10/12/2022,10/12/2022,10/12/2022,10/12/2022,10/12/2022,10/12/2022,10/12/2022,10/12/2022,10/12/2022,10/12/2022,10/12/2022,10/12/2022,10/12/2022,,3,,,,,,,,,1,,,,,,,,,2,,,,,,,
10/13/2022,10,13,2022,28,13,0,27,11,0,10/13/2022,10/13/2022,10/13/2022,10/13/2022,10/13/2022,10/13/2022,10/13/2022,10/13/2022,10/13/2022,10/13/2022,10/13/2022,10/13/2022,10/13/2022,,2,1,,2,,,,,,0,,,,,,,,,2,1,,2,,,,
10/14/2022,10,14,2022,28,13,0,27,12,0,10/14/2022,10/14/2022,10/14/2022,10/14/2022,10/14/2022,10/14/2022,10/14/2022,10/14/2022,10/14/2022,10/14/2022,10/14/2022,10/14/2022,10/14/2022,,1,,,,,,,,,0,,,,,,,,,1,,,,,,,
10/15/2022,10,15,2022,27,13,0,26,12,0,10/15/2022,10/15/2022,10/15/2022,10/15/2022,10/15/2022,10/15/2022,10/15/2022,10/15/2022,10/15/2022,10/15/2022,10/15/2022,10/15/2022,10/15/2022,,3,,,2,,1,,1,,2,,,,,1,,,,1,,,2,,,,1
10/16/2022,10,16,2022,28,15,0,27,14,0,10/16/2022,10/16/2022,10/16/2022,10/16/2022,10/16/2022,10/16/2022,10/16/2022,10/16/2022,10/16/2022,10/16/2022,10/16/2022,10/16/2022,10/16/2022,,1,,,,,,,1,,0,,,,,,,0,,1,,,,,,,1
10/17/2022,10,17,2022,29,16,1,27,15,0,10/17/2022,10/17/2022,10/17/2022,10/17/2022,10/17/2022,10/17/2022,10/17/2022,10/17/2022,10/17/2022,10/17/2022,10/17/2022,10/17/2022,10/17/2022,,1,,,2,,1,,,,0,,,,,,,,,1,,,2,,1,,
10/18/2022,10,18,2022,28,17,0,27,15,0,10/18/2022,10/18/2022,10/18/2022,10/18/2022,10/18/2022,10/18/2022,10/18/2022,10/18/2022,10/18/2022,10/18/2022,10/18/2022,10/18/2022,10/18/2022,,3,2,,,,,,0,,1,1,,,,,,,,2,1,,,,,,0
10/19/2022,10,19,2022,27,16,0,27,15,0,10/19/2022,10/19/2022,10/19/2022,10/19/2022,10/19/2022,10/19/2022,10/19/2022,10/19/2022,10/19/2022,10/19/2022,10/19/2022,10/19/2022,10/19/2022,,2,,,1,,,1,,,2,,,,,,1,,,0,,,1,,,,
10/20/2022,10,20,2022,28,16,0,26,15,0,10/20/2022,10/20/2022,10/20/2022,10/20/2022,10/20/2022,10/20/2022,10/20/2022,10/20/2022,10/20/2022,10/20/2022,10/20/2022,10/20/2022,10/20/2022,,7,1,,1,0,0,,,,0,1,,,0,,,,,7,,,1,,0,,
10/21/2022,10,21,2022,28,16,0,27,15,0,10/21/2022,10/21/2022,10/21/2022,10/21/2022,10/21/2022,10/21/2022,10/21/2022,10/21/2022,10/21/2022,10/21/2022,10/21/2022,10/21/2022,10/21/2022,,1,,,,,,,,,0,,,,,,,,,1,,,,,,,
10/22/2022,10,22,2022,28,14,0,27,12,0,10/22/2022,10/22/2022,10/22/2022,10/22/2022,10/22/2022,10/22/2022,10/22/2022,10/22/2022,10/22/2022,10/22/2022,10/22/2022,10/22/2022,10/22/2022,,0,,,,,,,,,0,,,,,,,,,,,,,,,,
10/23/2022,10,23,2022,28,17,0,26,15,0,10/23/2022,10/23/2022,10/23/2022,10/23/2022,10/23/2022,10/23/2022,10/23/2022,10/23/2022,10/23/2022,10/23/2022,10/23/2022,10/23/2022,10/23/2022,,2,,,1,,,0,,,0,,,,,,0,,,2,,,1,,,,
10/24/2022,10,24,2022,29,16,0,27,16,0,10/24/2022,10/24/2022,10/24/2022,10/24/2022,10/24/2022,10/24/2022,10/24/2022,10/24/2022,10/24/2022,10/24/2022,10/24/2022,10/24/2022,10/24/2022,,3,,,,,,,,,,,,,,,,,,3,,,,,,,
10/25/2022,10,25,2022,30,17,0,28,15,0,10/25/2022,10/25/2022,10/25/2022,10/25/2022,10/25/2022,10/25/2022,10/25/2022,10/25/2022,10/25/2022,10/25/2022,10/25/2022,10/25/2022,10/25/2022,,3,,,1,,,,,,,,,1,,,,,,3,,,,,,,
10/26/2022,10,26,2022,29,17,0,27,15,0,10/26/2022,10/26/2022,10/26/2022,10/26/2022,10/26/2022,10/26/2022,10/26/2022,10/26/2022,10/26/2022,10/26/2022,10/26/2022,10/26/2022,10/26/2022,,3,,,2,,,,,,2,,,,,,,,,1,,,2,,,,
10/27/2022,10,27,2022,29,18,0,26,15,0,10/27/2022,10/27/2022,10/27/2022,10/27/2022,10/27/2022,10/27/2022,10/27/2022,10/27/2022,10/27/2022,10/27/2022,10/27/2022,10/27/2022,10/27/2022,,1,,,1,,,0,,,,,,,,,0,,,1,,,1,,,,
10/28/2022,10,28,2022,30,18,0,28,17,0,10/28/2022,10/28/2022,10/28/2022,10/28/2022,10/28/2022,10/28/2022,10/28/2022,10/28/2022,10/28/2022,10/28/2022,10/28/2022,10/28/2022,10/28/2022,,1,,,,,,,,,0,,,,,,,,,1,,,,,,,
10/29/2022,10,29,2022,29,17,0,28,16,0,10/29/2022,10/29/2022,10/29/2022,10/29/2022,10/29/2022,10/29/2022,10/29/2022,10/29/2022,10/29/2022,10/29/2022,10/29/2022,10/29/2022,10/29/2022,,,,,,,,,,,,,,,,,,,,,,,,,,,
10/30/2022,10,30,2022,28,17,0,27,15,0,10/30/2022,10/30/2022,10/30/2022,10/30/2022,10/30/2022,10/30/2022,10/30/2022,10/30/2022,10/30/2022,10/30/2022,10/30/2022,10/30/2022,10/30/2022,,3,,,,2,,,1,,,,,,,,,,,3,,,,2,,,1
10/31/2022,10,31,2022,27,17,,26,16,3,10/31/2022,10/31/2022,10/31/2022,10/31/2022,10/31/2022,10/31/2022,10/31/2022,10/31/2022,10/31/2022,10/31/2022,10/31/2022,10/31/2022,10/31/2022,8,0,1,,,10,,0,0,,,,,,,,0,,8,0,1,,,10,,0,0
11/1/2022,11,1,2022,24,17,33,24,16,4,11/1/2022,11/1/2022,11/1/2022,11/1/2022,11/1/2022,11/1/2022,11/1/2022,11/1/2022,11/1/2022,11/1/2022,11/1/2022,11/1/2022,11/1/2022,15,0,3,,6,43,,5,1,,,,,,,,,,15,0,3,,6,43,,5,1
11/2/2022,11,2,2022,24,15,7,23,15,3,11/2/2022,11/2/2022,11/2/2022,11/2/2022,11/2/2022,11/2/2022,11/2/2022,11/2/2022,11/2/2022,11/2/2022,11/2/2022,11/2/2022,11/2/2022,2,1,2,,4,25,3,3,6,,,,,,,,,,2,1,2,,4,25,3,3,6
11/3/2022,11,3,2022,23,16,0,23,15,1,11/3/2022,11/3/2022,11/3/2022,11/3/2022,11/3/2022,11/3/2022,11/3/2022,11/3/2022,11/3/2022,11/3/2022,11/3/2022,11/3/2022,11/3/2022,,,1,,1,1,0,1,,,,,,,,,,,,,1,,1,1,0,1,
11/4/2022,11,4,2022,27,17,0,25,15,0,11/4/2022,11/4/2022,11/4/2022,11/4/2022,11/4/2022,11/4/2022,11/4/2022,11/4/2022,11/4/2022,11/4/2022,11/4/2022,11/4/2022,11/4/2022,,,,,,,,,,,,,,,,,,,,,,,,,,,
11/5/2022,11,5,2022,27,17,0,26,16,0,11/5/2022,11/5/2022,11/5/2022,11/5/2022,11/5/2022,11/5/2022,11/5/2022,11/5/2022,11/5/2022,11/5/2022,11/5/2022,11/5/2022,11/5/2022,,1,0,,1,1,0,1,1,,,,,,,,,,,1,0,,1,1,0,1,1
11/6/2022,11,6,2022,27,17,3,25,15,2,11/6/2022,11/6/2022,11/6/2022,11/6/2022,11/6/2022,11/6/2022,11/6/2022,11/6/2022,11/6/2022,11/6/2022,11/6/2022,11/6/2022,11/6/2022,,,,,,1,,1,1,,,,,,,,,,,,,,,1,,1,1
11/7/2022,11,7,2022,27,17,0,25,16,0,11/7/2022,11/7/2022,11/7/2022,11/7/2022,11/7/2022,11/7/2022,11/7/2022,11/7/2022,11/7/2022,11/7/2022,11/7/2022,11/7/2022,11/7/2022,,0,,,1,4,0,1,1,,,,,,,,,,,0,,,1,4,0,1,1
11/8/2022,11,8,2022,27,17,0,26,16,0,11/8/2022,11/8/2022,11/8/2022,11/8/2022,11/8/2022,11/8/2022,11/8/2022,11/8/2022,11/8/2022,11/8/2022,11/8/2022,11/8/2022,11/8/2022,,,1,,,1,,,,,,,,,,,,,,,1,,,1,,,
11/9/2022,11,9,2022,27,16,0,26,16,0,11/9/2022,11/9/2022,11/9/2022,11/9/2022,11/9/2022,11/9/2022,11/9/2022,11/9/2022,11/9/2022,11/9/2022,11/9/2022,11/9/2022,11/9/2022,,0,0,1,,,,1,0,,0,0,,,,,,,,,,1,,,,1,0
11/10/2022,11,10,2022,27,17,1,26,16,0,11/10/2022,11/10/2022,11/10/2022,11/10/2022,11/10/2022,11/10/2022,11/10/2022,11/10/2022,11/10/2022,11/10/2022,11/10/2022,11/10/2022,11/10/2022,1,0,2,,6,2,1,0,0,1,0,2,,1,,,0,0,,,,,5,2,1,0,0
11/11/2022,11,11,2022,26,17,1,25,15,0,11/11/2022,11/11/2022,11/11/2022,11/11/2022,11/11/2022,11/11/2022,11/11/2022,11/11/2022,11/11/2022,11/11/2022,11/11/2022,11/11/2022,11/11/2022,,1,,,,3,0,,1,,,,,,1,,,0,,1,,,,2,0,,1
11/12/2022,11,12,2022,24,17,6,25,16,0,11/12/2022,11/12/2022,11/12/2022,11/12/2022,11/12/2022,11/12/2022,11/12/2022,11/12/2022,11/12/2022,11/12/2022,11/12/2022,11/12/2022,11/12/2022,1,1,1,,,1,1,0,2,1,,0,,,,,0,1,,1,1,,,1,1,,1
11/13/2022,11,13,2022,25,17,14,24,16,1,11/13/2022,11/13/2022,11/13/2022,11/13/2022,11/13/2022,11/13/2022,11/13/2022,11/13/2022,11/13/2022,11/13/2022,11/13/2022,11/13/2022,11/13/2022,1,0,0,0,0,0,0,,,1,,,0,0,0,0,,,,0,0,,,0,,,
11/14/2022,11,14,2022,25,16,6,24,15,24,11/14/2022,11/14/2022,11/14/2022,11/14/2022,11/14/2022,11/14/2022,11/14/2022,11/14/2022,11/14/2022,11/14/2022,11/14/2022,11/14/2022,11/14/2022,1,,5,,0,9,,0,,1,,3,,0,7,,,,,,2,,,2,,0,
11/15/2022,11,15,2022,24,16,17,23,16,2,11/15/2022,11/15/2022,11/15/2022,11/15/2022,11/15/2022,11/15/2022,11/15/2022,11/15/2022,11/15/2022,11/15/2022,11/15/2022,11/15/2022,11/15/2022,4,2,4,,,34,1,1,1,3,1,3,,,26,1,,1,1,1,1,,,8,0,1,0
11/16/2022,11,16,2022,23,16,29,22,16,67,11/16/2022,11/16/2022,11/16/2022,11/16/2022,11/16/2022,11/16/2022,11/16/2022,11/16/2022,11/16/2022,11/16/2022,11/16/2022,11/16/2022,11/16/2022,7,2,,,0,30,,0,1,,1,,,0,1,,0,,7,1,,,,29,,0,1
11/17/2022,11,17,2022,21,15,0,20,14,0,11/17/2022,11/17/2022,11/17/2022,11/17/2022,11/17/2022,11/17/2022,11/17/2022,11/17/2022,11/17/2022,11/17/2022,11/17/2022,11/17/2022,11/17/2022,2,1,1,,,5,0,1,,0,1,1,,,0,0,1,,2,,0,,,5,,,
11/18/2022,11,18,2022,25,16,12,24,14,4,11/18/2022,11/18/2022,11/18/2022,11/18/2022,11/18/2022,11/18/2022,11/18/2022,11/18/2022,11/18/2022,11/18/2022,11/18/2022,11/18/2022,11/18/2022,,0,1,,,2,,,2,,,,,,2,,,,,0,1,,,0,,,2
11/19/2022,11,19,2022,25,16,26,24,15,37,11/19/2022,11/19/2022,11/19/2022,11/19/2022,11/19/2022,11/19/2022,11/19/2022,11/19/2022,11/19/2022,11/19/2022,11/19/2022,11/19/2022,11/19/2022,4,0,2,,0,73,2,1,1,4,0,1,,0,71,0,,1,,,1,,0,2,2,1,
11/20/2022,11,20,2022,25,15,0,24,14,0,11/20/2022,11/20/2022,11/20/2022,11/20/2022,11/20/2022,11/20/2022,11/20/2022,11/20/2022,11/20/2022,11/20/2022,11/20/2022,11/20/2022,11/20/2022,,0,3,,,5,,,1,,,0,,,3,,,,,0,3,,,2,,,1
11/21/2022,11,21,2022,26,17,2,25,16,3,11/21/2022,11/21/2022,11/21/2022,11/21/2022,11/21/2022,11/21/2022,11/21/2022,11/21/2022,11/21/2022,11/21/2022,11/21/2022,11/21/2022,11/21/2022,,,,,0,1,0,,,,,,,0,1,0,,,,,,,0,,,,
11/22/2022,11,22,2022,25,17,6,24,16,8,11/22/2022,11/22/2022,11/22/2022,11/22/2022,11/22/2022,11/22/2022,11/22/2022,11/22/2022,11/22/2022,11/22/2022,11/22/2022,11/22/2022,11/22/2022,,1,0,,,2,,0,1,,,0,,,2,,,,,1,0,,,0,,0,1
11/23/2022,11,23,2022,22,13,18,21,15,23,11/23/2022,11/23/2022,11/23/2022,11/23/2022,11/23/2022,11/23/2022,11/23/2022,11/23/2022,11/23/2022,11/23/2022,11/23/2022,11/23/2022,11/23/2022,,1,1,,,4,,,1,,,,,,2,,,,,1,1,,,2,,,1
11/24/2022,11,24,2022,24,16,1,21,15,1,11/24/2022,11/24/2022,11/24/2022,11/24/2022,11/24/2022,11/24/2022,11/24/2022,11/24/2022,11/24/2022,11/24/2022,11/24/2022,11/24/2022,11/24/2022,,1,0,,,1,,,,,,,,,0,,,,,1,0,,,1,,,
11/25/2022,11,25,2022,25,16,0,23,15,0,11/25/2022,11/25/2022,11/25/2022,11/25/2022,11/25/2022,11/25/2022,11/25/2022,11/25/2022,11/25/2022,11/25/2022,11/25/2022,11/25/2022,11/25/2022,,,0,,,1,,,,,,,,,0,,,,,,0,,,1,,,
11/26/2022,11,26,2022,25,15,0,23,15,0,11/26/2022,11/26/2022,11/26/2022,11/26/2022,11/26/2022,11/26/2022,11/26/2022,11/26/2022,11/26/2022,11/26/2022,11/26/2022,11/26/2022,11/26/2022,,0,1,,,1,,,,,,,,,0,,,,,0,1,,,1,,,
11/27/2022,11,27,2022,25,15,13,24,15,8,11/27/2022,11/27/2022,11/27/2022,11/27/2022,11/27/2022,11/27/2022,11/27/2022,11/27/2022,11/27/2022,11/27/2022,11/27/2022,11/27/2022,11/27/2022,,1,1,,,1,,,,,,,,,,,,,,1,1,,,1,,,
11/28/2022,11,28,2022,24,17,0,23,16,1,11/28/2022,11/28/2022,11/28/2022,11/28/2022,11/28/2022,11/28/2022,11/28/2022,11/28/2022,11/28/2022,11/28/2022,11/28/2022,11/28/2022,11/28/2022,,1,1,,,1,0,,,,,0,,,,,,,,1,1,,,1,0,,
11/29/2022,11,29,2022,24,17,0,23,16,0,11/29/2022,11/29/2022,11/29/2022,11/29/2022,11/29/2022,11/29/2022,11/29/2022,11/29/2022,11/29/2022,11/29/2022,11/29/2022,11/29/2022,11/29/2022,,,,,,1,,,,,,,,,1,,,,,,,,,0,,,
11/30/2022,11,30,2022,25,17,6,24,16,2,11/30/2022,11/30/2022,11/30/2022,11/30/2022,11/30/2022,11/30/2022,11/30/2022,11/30/2022,11/30/2022,11/30/2022,11/30/2022,11/30/2022,11/30/2022,,0,,,,,,,,,,,,,,,,,,0,,,,,,,
12/1/2022,12,1,2022,25,16,0,24,15,0,12/1/2022,12/1/2022,12/1/2022,12/1/2022,12/1/2022,12/1/2022,12/1/2022,12/1/2022,12/1/2022,12/1/2022,12/1/2022,12/1/2022,12/1/2022,,0,,,3,2,,0,0,,,,,,,,,,,0,,,3,2,,0,0
12/2/2022,12,2,2022,25,16,0,24,15,0,12/2/2022,12/2/2022,12/2/2022,12/2/2022,12/2/2022,12/2/2022,12/2/2022,12/2/2022,12/2/2022,12/2/2022,12/2/2022,12/2/2022,12/2/2022,,1,,,,1,0,0,0,,,,,,1,,,,,1,,,,,0,0,0
12/3/2022,12,3,2022,25,16,5,24,16,9,12/3/2022,12/3/2022,12/3/2022,12/3/2022,12/3/2022,12/3/2022,12/3/2022,12/3/2022,12/3/2022,12/3/2022,12/3/2022,12/3/2022,12/3/2022,,1,,,,,,,,,,,,,,,,,,1,,,,,,,
12/4/2022,12,4,2022,24,17,0,22,16,3,12/4/2022,12/4/2022,12/4/2022,12/4/2022,12/4/2022,12/4/2022,12/4/2022,12/4/2022,12/4/2022,12/4/2022,12/4/2022,12/4/2022,12/4/2022,,,,,,4,,1,,,,,,,,,,,,,,,,4,,1,
12/5/2022,12,5,2022,25,17,0,24,15,0,12/5/2022,12/5/2022,12/5/2022,12/5/2022,12/5/2022,12/5/2022,12/5/2022,12/5/2022,12/5/2022,12/5/2022,12/5/2022,12/5/2022,12/5/2022,,1,1,,1,0,,0,0,,0,1,,,0,,,,,1,,,1,,,0,0
12/6/2022,12,6,2022,26,16,0,24,16,0,12/6/2022,12/6/2022,12/6/2022,12/6/2022,12/6/2022,12/6/2022,12/6/2022,12/6/2022,12/6/2022,12/6/2022,12/6/2022,12/6/2022,12/6/2022,,1,3,,,,,,,,0,1,,,,,,,,1,2,,,,,,
12/7/2022,12,7,2022,26,17,1,25,16,5,12/7/2022,12/7/2022,12/7/2022,12/7/2022,12/7/2022,12/7/2022,12/7/2022,12/7/2022,12/7/2022,12/7/2022,12/7/2022,12/7/2022,12/7/2022,,,1,,,,,,,,,,,,,,,,,,1,,,,,,
12/8/2022,12,8,2022,25,17,0,24,16,1,12/8/2022,12/8/2022,12/8/2022,12/8/2022,12/8/2022,12/8/2022,12/8/2022,12/8/2022,12/8/2022,12/8/2022,12/8/2022,12/8/2022,12/8/2022,,,0,,,,,,,,,,,,,,,,,,0,,,,,,
12/9/2022,12,9,2022,27,17,0,25,15,0,12/9/2022,12/9/2022,12/9/2022,12/9/2022,12/9/2022,12/9/2022,12/9/2022,12/9/2022,12/9/2022,12/9/2022,12/9/2022,12/9/2022,12/9/2022,,0,2,,,,0,1,,,,0,,,,,,,,0,2,,,,0,1,
12/10/2022,12,10,2022,26,17,1,24,16,0,12/10/2022,12/10/2022,12/10/2022,12/10/2022,12/10/2022,12/10/2022,12/10/2022,12/10/2022,12/10/2022,12/10/2022,12/10/2022,12/10/2022,12/10/2022,,5,0,,5,,0,1,1,,1,0,,,,,,,,4,,,5,,0,1,1
12/11/2022,12,11,2022,26,17,0,24,16,0,12/11/2022,12/11/2022,12/11/2022,12/11/2022,12/11/2022,12/11/2022,12/11/2022,12/11/2022,12/11/2022,12/11/2022,12/11/2022,12/11/2022,12/11/2022,,,1,,1,,,,0,,,,,,,,,,,,1,,1,,,,0
12/12/2022,12,12,2022,24,17,9,23,16,7,12/12/2022,12/12/2022,12/12/2022,12/12/2022,12/12/2022,12/12/2022,12/12/2022,12/12/2022,12/12/2022,12/12/2022,12/12/2022,12/12/2022,12/12/2022,,0,0,,,0,,1,,,0,0,,,0,,,,,0,,,,,,1,
12/13/2022,12,13,2022,24,16,4,23,16,5,12/13/2022,12/13/2022,12/13/2022,12/13/2022,12/13/2022,12/13/2022,12/13/2022,12/13/2022,12/13/2022,12/13/2022,12/13/2022,12/13/2022,12/13/2022,,0,1,,,,1,,,,0,,,,,,,,,0,1,,,,1,,
12/14/2022,12,14,2022,25,16,0,23,15,0,12/14/2022,12/14/2022,12/14/2022,12/14/2022,12/14/2022,12/14/2022,12/14/2022,12/14/2022,12/14/2022,12/14/2022,12/14/2022,12/14/2022,12/14/2022,,2,,,3,,,,1,,1,,,,,,,,,1,,,3,,,,1
12/15/2022,12,15,2022,26,14,0,24,16,0,12/15/2022,12/15/2022,12/15/2022,12/15/2022,12/15/2022,12/15/2022,12/15/2022,12/15/2022,12/15/2022,12/15/2022,12/15/2022,12/15/2022,12/15/2022,,3,1,,4,3,1,0,1,,0,,,,1,,,,,3,1,,4,2,1,0,1
12/16/2022,12,16,2022,27,17,0,25,16,0,12/16/2022,12/16/2022,12/16/2022,12/16/2022,12/16/2022,12/16/2022,12/16/2022,12/16/2022,12/16/2022,12/16/2022,12/16/2022,12/16/2022,12/16/2022,,2,0,,,0,,0,,,0,0,,,,,,,,2,,,,0,,0,
12/17/2022,12,17,2022,26,17,0,25,16,0,12/17/2022,12/17/2022,12/17/2022,12/17/2022,12/17/2022,12/17/2022,12/17/2022,12/17/2022,12/17/2022,12/17/2022,12/17/2022,12/17/2022,12/17/2022,,4,,,,,1,,,,2,,,,,1,,,,2,,,,,,,
12/18/2022,12,18,2022,27,17,0,25,16,0,12/18/2022,12/18/2022,12/18/2022,12/18/2022,12/18/2022,12/18/2022,12/18/2022,12/18/2022,12/18/2022,12/18/2022,12/18/2022,12/18/2022,12/18/2022,,7,1,,,,1,1,,,4,,,,,,,,,3,1,,,,1,1,
12/19/2022,12,19,2022,27,16,0,26,16,0,12/19/2022,12/19/2022,12/19/2022,12/19/2022,12/19/2022,12/19/2022,12/19/2022,12/19/2022,12/19/2022,12/19/2022,12/19/2022,12/19/2022,12/19/2022,,1,2,,,,,,,,0,1,,,,,,,,1,1,,,,,,
12/20/2022,12,20,2022,27,16,0,25,14,0,12/20/2022,12/20/2022,12/20/2022,12/20/2022,12/20/2022,12/20/2022,12/20/2022,12/20/2022,12/20/2022,12/20/2022,12/20/2022,12/20/2022,12/20/2022,,7,,,2,,0,0,,,2,,,,,,,,,5,,,2,,0,0,
12/21/2022,12,21,2022,27,15,0,25,13,0,12/21/2022,12/21/2022,12/21/2022,12/21/2022,12/21/2022,12/21/2022,12/21/2022,12/21/2022,12/21/2022,12/21/2022,12/21/2022,12/21/2022,12/21/2022,,1,0,,,0,0,,,,0,0,,,0,,,,,1,,,,,0,,
12/22/2022,12,22,2022,27,17,0,25,16,0,12/22/2022,12/22/2022,12/22/2022,12/22/2022,12/22/2022,12/22/2022,12/22/2022,12/22/2022,12/22/2022,12/22/2022,12/22/2022,12/22/2022,12/22/2022,,5,,,,,1,,,,2,,,,,,,,,3,,,,,1,,
12/23/2022,12,23,2022,26,17,0,25,17,0,12/23/2022,12/23/2022,12/23/2022,12/23/2022,12/23/2022,12/23/2022,12/23/2022,12/23/2022,12/23/2022,12/23/2022,12/23/2022,12/23/2022,12/23/2022,,0,1,,1,0,0,,,,0,1,,,0,,,,,,,,1,,0,,
12/24/2022,12,24,2022,27,17,0,25,16,0,12/24/2022,12/24/2022,12/24/2022,12/24/2022,12/24/2022,12/24/2022,12/24/2022,12/24/2022,12/24/2022,12/24/2022,12/24/2022,12/24/2022,12/24/2022,,0,,,1,1,,,,,0,,,,1,,,,,,,,1,,,,
12/25/2022,12,25,2022,26,15,0,25,14,0,12/25/2022,12/25/2022,12/25/2022,12/25/2022,12/25/2022,12/25/2022,12/25/2022,12/25/2022,12/25/2022,12/25/2022,12/25/2022,12/25/2022,12/25/2022,,3,,,,,1,,,,2,,,,,,,,,1,,,,,1,,
12/26/2022,12,26,2022,27,16,0,26,15,0,12/26/2022,12/26/2022,12/26/2022,12/26/2022,12/26/2022,12/26/2022,12/26/2022,12/26/2022,12/26/2022,12/26/2022,12/26/2022,12/26/2022,12/26/2022,,1,0,,2,0,1,,,,,0,,,,,,,,1,,,2,0,1,,
12/27/2022,12,27,2022,21,17,23,20,17,13,12/27/2022,12/27/2022,12/27/2022,12/27/2022,12/27/2022,12/27/2022,12/27/2022,12/27/2022,12/27/2022,12/27/2022,12/27/2022,12/27/2022,12/27/2022,,2,0,,3,1,,,,,,0,,,1,,,,,2,,,3,,,,
12/28/2022,12,28,2022,25,16,0,23,15,0,12/28/2022,12/28/2022,12/28/2022,12/28/2022,12/28/2022,12/28/2022,12/28/2022,12/28/2022,12/28/2022,12/28/2022,12/28/2022,12/28/2022,12/28/2022,,1,,,,1,,0,,,,,,,1,,,,,1,,,,,,0,
12/29/2022,12,29,2022,25,16,0,24,15,0,12/29/2022,12/29/2022,12/29/2022,12/29/2022,12/29/2022,12/29/2022,12/29/2022,12/29/2022,12/29/2022,12/29/2022,12/29/2022,12/29/2022,12/29/2022,,0,,,,,2,,,,,,,,,,,,,0,,,,,2,,
12/30/2022,12,30,2022,25,13,0,23,13,0,12/30/2022,12/30/2022,12/30/2022,12/30/2022,12/30/2022,12/30/2022,12/30/2022,12/30/2022,12/30/2022,12/30/2022,12/30/2022,12/30/2022,12/30/2022,,3,0,,6,,1,0,,,,0,,,,,,,,3,,,6,,1,0,
12/31/2022,12,31,2022,25,12,0,23,12,0,12/31/2022,12/31/2022,12/31/2022,12/31/2022,12/31/2022,12/31/2022,12/31/2022,12/31/2022,12/31/2022,12/31/2022,12/31/2022,12/31/2022,12/31/2022,,3,,,1,,,,,,,,,,,,,,,3,,,1,,,,
1/1/2023,1,1,2023,26,13,0,24,14,0,1/1/2023,1/1/2023,1/1/2023,1/1/2023,1/1/2023,1/1/2023,1/1/2023,1/1/2023,1/1/2023,1/1/2023,1/1/2023,1/1/2023,1/1/2023,,3,,,2,,1,2,1,,2,,,,,,,,,1,,,2,,1,2,1
1/2/2023,1,2,2023,24,14,11,22,14,11,1/2/2023,1/2/2023,1/2/2023,1/2/2023,1/2/2023,1/2/2023,1/2/2023,1/2/2023,1/2/2023,1/2/2023,1/2/2023,1/2/2023,1/2/2023,,1,1,,,,1,3,1,,,1,,,,,,,,1,,,,,1,3,1
1/3/2023,1,3,2023,23,16,7,24,15,7,1/3/2023,1/3/2023,1/3/2023,1/3/2023,1/3/2023,1/3/2023,1/3/2023,1/3/2023,1/3/2023,1/3/2023,1/3/2023,1/3/2023,1/3/2023,,2,1,,1,,,0,0,,1,1,,,,,0,,,1,,,1,,,0,0
1/4/2023,1,4,2023,22,16,1,21,16,3,1/4/2023,1/4/2023,1/4/2023,1/4/2023,1/4/2023,1/4/2023,1/4/2023,1/4/2023,1/4/2023,1/4/2023,1/4/2023,1/4/2023,1/4/2023,,3,,,1,,,,,,1,,,,,,,,,2,,,1,,,,
1/5/2023,1,5,2023,23,13,0,23,14,0,1/5/2023,1/5/2023,1/5/2023,1/5/2023,1/5/2023,1/5/2023,1/5/2023,1/5/2023,1/5/2023,1/5/2023,1/5/2023,1/5/2023,1/5/2023,,15,,,11,,1,3,0,,1,,,0,,,1,,,14,,,11,,1,2,0
1/6/2023,1,6,2023,27,12,0,25,10,0,1/6/2023,1/6/2023,1/6/2023,1/6/2023,1/6/2023,1/6/2023,1/6/2023,1/6/2023,1/6/2023,1/6/2023,1/6/2023,1/6/2023,1/6/2023,,5,,,1,,0,,0,,4,,,,,,,0,,1,,,1,,0,,
1/7/2023,1,7,2023,27,13,0,25,12,0,1/7/2023,1/7/2023,1/7/2023,1/7/2023,1/7/2023,1/7/2023,1/7/2023,1/7/2023,1/7/2023,1/7/2023,1/7/2023,1/7/2023,1/7/2023,0,4,,,2,,,,,,2,,,,,,,,0,2,,,2,,,,
1/8/2023,1,8,2023,27,14,0,25,14,0,1/8/2023,1/8/2023,1/8/2023,1/8/2023,1/8/2023,1/8/2023,1/8/2023,1/8/2023,1/8/2023,1/8/2023,1/8/2023,1/8/2023,1/8/2023,,9,,,4,0,1,3,1,,2,,,,,,,0,,7,,,4,0,1,3,1
1/9/2023,1,9,2023,26,17,0,25,16,0,1/9/2023,1/9/2023,1/9/2023,1/9/2023,1/9/2023,1/9/2023,1/9/2023,1/9/2023,1/9/2023,1/9/2023,1/9/2023,1/9/2023,1/9/2023,,9,2,,3,,0,,,,4,1,,,,,,,,5,1,,3,,0,,
1/10/2023,1,10,2023,26,17,0,25,16,0,1/10/2023,1/10/2023,1/10/2023,1/10/2023,1/10/2023,1/10/2023,1/10/2023,1/10/2023,1/10/2023,1/10/2023,1/10/2023,1/10/2023,1/10/2023,,22,3,,13,,2,2,1,,9,3,,0,,0,,1,,13,,,13,,2,2,0
1/11/2023,1,11,2023,26,16,0,25,15,0,1/11/2023,1/11/2023,1/11/2023,1/11/2023,1/11/2023,1/11/2023,1/11/2023,1/11/2023,1/11/2023,1/11/2023,1/11/2023,1/11/2023,1/11/2023,,11,2,,1,,0,,0,,8,2,,,,0,,,,3,0,,1,,,,0
1/12/2023,1,12,2023,27,15,0,25,14,0,1/12/2023,1/12/2023,1/12/2023,1/12/2023,1/12/2023,1/12/2023,1/12/2023,1/12/2023,1/12/2023,1/12/2023,1/12/2023,1/12/2023,1/12/2023,,8,1,,1,,0,,1,,7,1,,1,,,,1,,1,,,,,0,,
1/13/2023,1,13,2023,27,14,0,26,12,0,1/13/2023,1/13/2023,1/13/2023,1/13/2023,1/13/2023,1/13/2023,1/13/2023,1/13/2023,1/13/2023,1/13/2023,1/13/2023,1/13/2023,1/13/2023,,7,2,,2,,1,,1,,3,2,,,,1,,1,,4,,,2,,,,
1/14/2023,1,14,2023,27,14,0,25,13,0,1/14/2023,1/14/2023,1/14/2023,1/14/2023,1/14/2023,1/14/2023,1/14/2023,1/14/2023,1/14/2023,1/14/2023,1/14/2023,1/14/2023,1/14/2023,,3,1,,2,,,1,2,,1,,,1,,,,,,2,1,,1,,,1,2
1/15/2023,1,15,2023,27,14,0,25,12,0,1/15/2023,1/15/2023,1/15/2023,1/15/2023,1/15/2023,1/15/2023,1/15/2023,1/15/2023,1/15/2023,1/15/2023,1/15/2023,1/15/2023,1/15/2023,,13,1,,7,,2,0,0,,5,1,,1,,,,,,8,,,6,,2,0,0
1/16/2023,1,16,2023,27,13,0,25,12,0,1/16/2023,1/16/2023,1/16/2023,1/16/2023,1/16/2023,1/16/2023,1/16/2023,1/16/2023,1/16/2023,1/16/2023,1/16/2023,1/16/2023,1/16/2023,,8,,1,3,,,,,,4,,,,,,,,,4,,1,3,,,,
1/17/2023,1,17,2023,27,14,0,25,13,0,1/17/2023,1/17/2023,1/17/2023,1/17/2023,1/17/2023,1/17/2023,1/17/2023,1/17/2023,1/17/2023,1/17/2023,1/17/2023,1/17/2023,1/17/2023,,9,,,2,,1,,,,7,,,,,1,,,,2,,,2,,,,
1/18/2023,1,18,2023,29,14,0,28,11,0,1/18/2023,1/18/2023,1/18/2023,1/18/2023,1/18/2023,1/18/2023,1/18/2023,1/18/2023,1/18/2023,1/18/2023,1/18/2023,1/18/2023,1/18/2023,,7,,,2,,1,,1,,1,,,,,,,,,6,,,2,,1,,1
1/19/2023,1,19,2023,29,16,0,27,13,0,1/19/2023,1/19/2023,1/19/2023,1/19/2023,1/19/2023,1/19/2023,1/19/2023,1/19/2023,1/19/2023,1/19/2023,1/19/2023,1/19/2023,1/19/2023,,4,,,1,,,,2,,3,,,,,,,2,,1,,,1,,,,0
1/20/2023,1,20,2023,29,15,0,27,14,0,1/20/2023,1/20/2023,1/20/2023,1/20/2023,1/20/2023,1/20/2023,1/20/2023,1/20/2023,1/20/2023,1/20/2023,1/20/2023,1/20/2023,1/20/2023,,10,,,4,,,,1,,3,,,,,,,,,7,,,4,,,,1
1/21/2023,1,21,2023,28,15,0,26,13,0,1/21/2023,1/21/2023,1/21/2023,1/21/2023,1/21/2023,1/21/2023,1/21/2023,1/21/2023,1/21/2023,1/21/2023,1/21/2023,1/21/2023,1/21/2023,,3,,,,,,,,,2,,,,,,,,,1,,,,,,,
1/22/2023,1,22,2023,26,15,0,25,12,0,1/22/2023,1/22/2023,1/22/2023,1/22/2023,1/22/2023,1/22/2023,1/22/2023,1/22/2023,1/22/2023,1/22/2023,1/22/2023,1/22/2023,1/22/2023,,9,,,2,,3,,,,2,,,,,1,,,,7,,,2,,2,,
1/23/2023,1,23,2023,26,16,0,25,15,0,1/23/2023,1/23/2023,1/23/2023,1/23/2023,1/23/2023,1/23/2023,1/23/2023,1/23/2023,1/23/2023,1/23/2023,1/23/2023,1/23/2023,1/23/2023,,7,,,4,,,1,,,1,,,,,,,,,6,,,4,,,1,
1/24/2023,1,24,2023,27,16,0,25,13,0,1/24/2023,1/24/2023,1/24/2023,1/24/2023,1/24/2023,1/24/2023,1/24/2023,1/24/2023,1/24/2023,1/24/2023,1/24/2023,1/24/2023,1/24/2023,,7,,,3,,1,,,,2,,,1,,1,,,,5,,,2,,,,
1/25/2023,1,25,2023,29,16,0,27,15,0,1/25/2023,1/25/2023,1/25/2023,1/25/2023,1/25/2023,1/25/2023,1/25/2023,1/25/2023,1/25/2023,1/25/2023,1/25/2023,1/25/2023,1/25/2023,,7,,,2,,,,,,3,,,,,,,,,4,,,2,,,,
1/26/2023,1,26,2023,30,14,0,28,13,0,1/26/2023,1/26/2023,1/26/2023,1/26/2023,1/26/2023,1/26/2023,1/26/2023,1/26/2023,1/26/2023,1/26/2023,1/26/2023,1/26/2023,1/26/2023,,8,,,4,,,,0,,0,,,,,,,,,8,,,4,,,,0
1/27/2023,1,27,2023,27,14,0,26,13,0,1/27/2023,1/27/2023,1/27/2023,1/27/2023,1/27/2023,1/27/2023,1/27/2023,1/27/2023,1/27/2023,1/27/2023,1/27/2023,1/27/2023,1/27/2023,,0,,,1,,,,0,,0,,,,,,,,,,,,1,,,,0
1/28/2023,1,28,2023,28,14,0,26,11,0,1/28/2023,1/28/2023,1/28/2023,1/28/2023,1/28/2023,1/28/2023,1/28/2023,1/28/2023,1/28/2023,1/28/2023,1/28/2023,1/28/2023,1/28/2023,,,,,,,,,,,,,,,,,,,,,,,,,,,
1/29/2023,1,29,2023,29,13,0,27,13,0,1/29/2023,1/29/2023,1/29/2023,1/29/2023,1/29/2023,1/29/2023,1/29/2023,1/29/2023,1/29/2023,1/29/2023,1/29/2023,1/29/2023,1/29/2023,,3,,,,,1,,0,,2,,,,,1,,,,1,,,,,,,0
1/30/2023,1,30,2023,29,13,0,27,11,0,1/30/2023,1/30/2023,1/30/2023,1/30/2023,1/30/2023,1/30/2023,1/30/2023,1/30/2023,1/30/2023,1/30/2023,1/30/2023,1/30/2023,1/30/2023,,8,,,2,,1,,1,,,,,1,,0,,,,8,,,1,,1,,1
1/31/2023,1,31,2023,29,15,0,27,14,0,1/31/2023,1/31/2023,1/31/2023,1/31/2023,1/31/2023,1/31/2023,1/31/2023,1/31/2023,1/31/2023,1/31/2023,1/31/2023,1/31/2023,1/31/2023,,,,,,,1,,,,,,,,,,,,,,,,,,1,,
2/1/2023,2,1,2023,31,19,0,30,17,0,2/1/2023,2/1/2023,2/1/2023,2/1/2023,2/1/2023,2/1/2023,2/1/2023,2/1/2023,2/1/2023,2/1/2023,2/1/2023,2/1/2023,2/1/2023,,,,,,,,,,,,,,,,,,,,,,,,,,,
2/2/2023,2,2,2023,30,19,0,29,17,0,2/2/2023,2/2/2023,2/2/2023,2/2/2023,2/2/2023,2/2/2023,2/2/2023,2/2/2023,2/2/2023,2/2/2023,2/2/2023,2/2/2023,2/2/2023,,0,,,,,,,1,,0,,,,,,,1,,,,,,,,,
2/3/2023,2,3,2023,30,15,0,29,13,0,2/3/2023,2/3/2023,2/3/2023,2/3/2023,2/3/2023,2/3/2023,2/3/2023,2/3/2023,2/3/2023,2/3/2023,2/3/2023,2/3/2023,2/3/2023,,,,,,,,,,,,,,,,,,,,,,,,,,,
2/4/2023,2,4,2023,31,15,0,30,13,0,2/4/2023,2/4/2023,2/4/2023,2/4/2023,2/4/2023,2/4/2023,2/4/2023,2/4/2023,2/4/2023,2/4/2023,2/4/2023,2/4/2023,2/4/2023,,,,,1,,,,,,,,,1,,,,,,,,,,,,,
2/5/2023,2,5,2023,30,16,0,30,15,0,2/5/2023,2/5/2023,2/5/2023,2/5/2023,2/5/2023,2/5/2023,2/5/2023,2/5/2023,2/5/2023,2/5/2023,2/5/2023,2/5/2023,2/5/2023,,,0,,1,,,,,,,0,,1,,,,,,,,,,,,,
2/6/2023,2,6,2023,31,15,0,29,13,0,2/6/2023,2/6/2023,2/6/2023,2/6/2023,2/6/2023,2/6/2023,2/6/2023,2/6/2023,2/6/2023,2/6/2023,2/6/2023,2/6/2023,2/6/2023,,0,,,,,,,,,0,,,,,,,,,,,,,,,,
2/7/2023,2,7,2023,30,16,0,29,13,0,2/7/2023,2/7/2023,2/7/2023,2/7/2023,2/7/2023,2/7/2023,2/7/2023,2/7/2023,2/7/2023,2/7/2023,2/7/2023,2/7/2023,2/7/2023,,1,,,,,,,,,1,,,,,,,,,,,,,,,,
2/8/2023,2,8,2023,29,16,0,27,14,0,2/8/2023,2/8/2023,2/8/2023,2/8/2023,2/8/2023,2/8/2023,2/8/2023,2/8/2023,2/8/2023,2/8/2023,2/8/2023,2/8/2023,2/8/2023,,0,,,,,1,,,,0,,,,,1,,,,,,,,,,,
2/9/2023,2,9,2023,29,17,0,28,14,0,2/9/2023,2/9/2023,2/9/2023,2/9/2023,2/9/2023,2/9/2023,2/9/2023,2/9/2023,2/9/2023,2/9/2023,2/9/2023,2/9/2023,2/9/2023,,,,,,,1,,,,,,,,,1,,,,,,,,,,,
2/10/2023,2,10,2023,30,15,0,29,13,0,2/10/2023,2/10/2023,2/10/2023,2/10/2023,2/10/2023,2/10/2023,2/10/2023,2/10/2023,2/10/2023,2/10/2023,2/10/2023,2/10/2023,2/10/2023,,2,,,,,,,0,,1,,,,,,,0,,1,,,,,,,
2/11/2023,2,11,2023,29,16,0,28,14,0,2/11/2023,2/11/2023,2/11/2023,2/11/2023,2/11/2023,2/11/2023,2/11/2023,2/11/2023,2/11/2023,2/11/2023,2/11/2023,2/11/2023,2/11/2023,,1,,,,,,,,,1,,,,,,,,,,,,,,,,
2/12/2023,2,12,2023,29,15,0,27,13,0,2/12/2023,2/12/2023,2/12/2023,2/12/2023,2/12/2023,2/12/2023,2/12/2023,2/12/2023,2/12/2023,2/12/2023,2/12/2023,2/12/2023,2/12/2023,,1,,,,,0,,,,,,,,,0,,,,1,,,,,,,
2/13/2023,2,13,2023,29,14,0,28,11,0,2/13/2023,2/13/2023,2/13/2023,2/13/2023,2/13/2023,2/13/2023,2/13/2023,2/13/2023,2/13/2023,2/13/2023,2/13/2023,2/13/2023,2/13/2023,,1,,,,,2,,,,1,,,,,2,,,,,,,,,,,
2/14/2023,2,14,2023,29,15,0,28,15,0,2/14/2023,2/14/2023,2/14/2023,2/14/2023,2/14/2023,2/14/2023,2/14/2023,2/14/2023,2/14/2023,2/14/2023,2/14/2023,2/14/2023,2/14/2023,,1,,,,,1,0,0,,0,,,,,1,0,0,,1,,,,,,,
2/15/2023,2,15,2023,30,16,0,29,15,0,2/15/2023,2/15/2023,2/15/2023,2/15/2023,2/15/2023,2/15/2023,2/15/2023,2/15/2023,2/15/2023,2/15/2023,2/15/2023,2/15/2023,2/15/2023,,5,,,1,,1,0,1,,1,,,,,0,0,,,4,,,1,,1,,1
2/16/2023,2,16,2023,30,17,0,28,17,0,2/16/2023,2/16/2023,2/16/2023,2/16/2023,2/16/2023,2/16/2023,2/16/2023,2/16/2023,2/16/2023,2/16/2023,2/16/2023,2/16/2023,2/16/2023,,2,,,1,,,0,1,,0,,,,,,0,0,,2,,,1,,,,1
2/17/2023,2,17,2023,29,16,0,28,14,0,2/17/2023,2/17/2023,2/17/2023,2/17/2023,2/17/2023,2/17/2023,2/17/2023,2/17/2023,2/17/2023,2/17/2023,2/17/2023,2/17/2023,2/17/2023,,3,,,1,,1,1,0,,2,,,,,,,,,1,,,1,,1,1,0
2/18/2023,2,18,2023,27,14,0,26,13,0,2/18/2023,2/18/2023,2/18/2023,2/18/2023,2/18/2023,2/18/2023,2/18/2023,2/18/2023,2/18/2023,2/18/2023,2/18/2023,2/18/2023,2/18/2023,,7,,,1,,0,,1,,0,,,,,0,,,,7,,,1,,,,1
2/19/2023,2,19,2023,29,16,0,28,16,0,2/19/2023,2/19/2023,2/19/2023,2/19/2023,2/19/2023,2/19/2023,2/19/2023,2/19/2023,2/19/2023,2/19/2023,2/19/2023,2/19/2023,2/19/2023,,8,,,1,,2,,0,,0,,,,,1,,0,,8,,,1,,1,,
2/20/2023,2,20,2023,29,14,0,27,15,0,2/20/2023,2/20/2023,2/20/2023,2/20/2023,2/20/2023,2/20/2023,2/20/2023,2/20/2023,2/20/2023,2/20/2023,2/20/2023,2/20/2023,2/20/2023,,11,,,7,0,2,,2,,,,,,0,1,,,,11,,,7,,1,,2
2/21/2023,2,21,2023,29,15,0,28,14,0,2/21/2023,2/21/2023,2/21/2023,2/21/2023,2/21/2023,2/21/2023,2/21/2023,2/21/2023,2/21/2023,2/21/2023,2/21/2023,2/21/2023,2/21/2023,,1,,,,,1,1,,,1,,,,,1,0,,,0,,,,,,1,
